SMILES,pIC50
O=C1CCC2C3[C@H](OC(C)=O)C(C4=CC(CCC4(C)C3CCC21C)=O)=O,5.276
O=C1CCC2C3[C@H](O)C(C4=CC(CCC4(C)C3CCC21C)=O)=O,4.959
O=C1CCC2C3CC(C4=CC(C(C)(C)CC4(C)C3CCC21C)=O)=O,6.523
O=C1CCC2C3CC(C4=C(OC)C(C(C)(C)CC4(C)C3CCC21C)=O)=O,5.721
O=C1CCC2C3CC(C4=C(O)C(C(C)(C)CC4(C)C3CCC21C)=O)=O,6.357
O=C1CCC2C3CC(C4=CC(C(O)=CC4(C)C3CCC21C)=O)=O,5.252
O=C1CCC2C3CC(C4=CC([C@H](OC(C)=O)CC4(C) C3CCC21C)=O)=O,4.469
O=C1CCC2C3CC(C4=C(OC)C(CCC4(C)C3CCC21C)=O)=O,5.699
O=C1CCC2C3CC(C4=C(OCC)C(CCC4(C)C3CCC21C)=O)=O,5.347
O=C1CCC2C3CC(C4=C(O)C(CCC4(C)C3CCC21C)=O)=O,6.337
O=C1CCC2C3C(C)C4=CC(CCC4(C)C3CCC21C)=O,6.562
CC12C(CCC2=O)C3C(C)C(OC4(C)C3CC1)=CC(CC4)=O,5.009
CC(OC1=CC=C(C(/C(CC)=C2SC(C=C/2)=O)CC)C=C1)=O,4.81
CC1C(C)(CCC2=CC(OC2)=O)C3CCC=C4C3(COC4=O)CC1O,3.9
CC1=C(C#N)C=C(C2=N1)C(NC3=CC=C(Cl)C=C3) OC4=C2C=C([N+]([O-])=O)C=C4,6.169
CCCC(OC1=CC(OC(CCC)=O)=CC2=C1C(C)=CC(O2)=O)=O,3.754
O=C1NC(CCC1(CC)C2=CC=NC=C2)=O,5.0
O=C1NC(CCC1(CC)C2=CC=C(N)C=C2)=O,5.097
O=C(CCC(C)1C2=CC=NC=C2)NC1=O,3.611
O=C(CCC(CCC)1C2=CC=NC=C2)NC1=O,5.222
O=C(CCC(CCCC)1C2=CC=NC=C2)NC1=O,5.398
O=C(CCC(CCCCC)1C2=CC=NC=C2)NC1=O,5.602
O=C(CCC(CCCCCC)1C2=CC=NC=C2)NC1=O,5.444
O=C(CCC(CCCCCCC)1C2=CC=NC=C2)NC1=O,5.495
O=C(CCC(CCCCCCCC)1C2=CC=NC=C2)NC1=O,6.481
O=C(CCC(CCCCCCCCC)1C2=CC=NC=C2)NC1=O,5.62
O=C1N(C(CCC1(C2=CC=NC=C2)CC)=O)C,4.523
O=C1N(CC)C(CCC1(CC)C2=CC=NC=C2)=O,3.415
O=C1N(CCC)C(CCC1(CC)C2=CC=NC=C2)=O,4.509
O=C1N(CCCC)C(CCC1(CC)C2=CC=NC=C2)=O,4.398
O=C1N(CCCCC)C(CCC1(CC)C2=CC=NC=C2)=O,4.678
O=C1N(CCCCCC)C(CCC1(CC)C2=CC=NC=C2)=O,5.18
O=C1N(CCCCCCC)C(CCC1(CC)C2=CC=NC=C2)=O,5.824
O=C1N(CCCCCCCC)C(CCC1(CC)C2=CC=NC=C2)=O,6.097
O=C1N(CCCCCCCCC)C(CCC1(CC)C2=CC=NC=C2)=O,5.523
O=C1N(CCCCCCCCCC)C(CCC1(CC)C2=CC=NC=C2)=O,5.0
[H]C1=C([H])C=CC(C(OC2=CC([H])=CC([H])=C23)=CC3=O)=C1,4.312
[H]C1=C([H])C=CC(C(OC2=CC(O)=CC([H])=C23)=CC3=O)=C1,6.699
[H]C1=C(O)C=CC(C(OC2=CC(O)=CC(O)=C23)=CC3=O)=C1,5.538
OC1=C(O)C=CC(C(OC2=CC(O)=CC(O)=C23)=CC3=O)=C1,5.921
O=C(C1)C2=C([H])C=C([H])C=C2OC1C3=CC([H])=C([H])C=C3,4.86
O=C(C1)C2=C([H])C=C(O)C=C2OC1C3=CC([H])=C([H])C=C3,5.62
O=C(C1)C2=C(O)C=C(O)C=C2OC1C3=CC([H])=C(O)C=C3,5.036
O=C(C1)C2=C(O)C=C(O)C=C2OC1C3=CC(O)=C(O)C=C3,6.222
O=C(C1)C2=C(O)C=C(O)C=C2OC1C3=CC(O)=C(OC)C=C3,5.481
[H]C1=CC(O)=CC([H])=C1C(/C=C/C2=CC([H])=C([H])C=C2)=O,4.514
OC1=CC(OC)=CC(O)=C1C(/C=C/C2=CC([H])=C([H])C=C2)=O,4.845
[H]C1=CC(O)=CC(O)=C1C(/C=C/C2=CC([H])=C(O)C=C2)=O,4.461
OC1=CC(O)=CC(O)=C1C(/C=C/C2=CC([H])=C(O)C=C2)=O,5.585
OC1=CC(O)=CC(O)=C1C(/C=C/C2=CC(O)=C(O)C=C2)=O,5.553
OC1=CC(O)=CC(O)=C1C(/C=C/C2=CC(O)=C(OC)C=C2)=O,4.616
O=C(N1)CC[C@@](C2=CC=NC=C2)(C)C1=O,3.611
O=C(N1)CC[C@@](C2=CC=NC=C2)(CC)C1=O,5.0
O=C(N1)CC[C@@](C2=CC=NC=C2)(CCC)C1=O,5.222
O=C(N1)CC[C@@](C2=CC=NC=C2)(CCCC)C1=O,5.398
O=C(N1)CC[C@@](C2=CC=NC=C2)(CCCCC)C1=O,5.602
O=C(N1)CC[C@@](C2=CC=NC=C2)(CCCCCC)C1=O,5.444
O=C(N1)CC[C@@](C2=CC=NC=C2)(CCCCCCC)C1=O,5.495
O=C(N1)CC[C@@](C2=CC=NC=C2)(CCCCCCCC)C1=O,6.481
O=C(N1)CC[C@@](C2=CC=NC=C2)(CCCCCCCCC)C1=O,5.62
O=C(N1C)CC[C@@](C2=CC=NC=C2)(CC)C1=O,4.523
O=C(N1CC)CC[C@@](C2=CC=NC=C2)(CC)C1=O,3.415
O=C(N1CCC)CC[C@@](C2=CC=NC=C2)(CC)C1=O,4.509
O=C(N1CCCC)CC[C@@](C2=CC=NC=C2)(CC)C1=O,4.398
O=C(N1CCCCC)CC[C@@](C2=CC=NC=C2)(CC)C1=O,4.678
O=C(N1CCCCCC)CC[C@@](C2=CC=NC=C2)(CC)C1=O,5.18
O=C(N1CCCCCCC)CC[C@@](C2=CC=NC=C2)(CC)C1=O,5.824
O=C(N1CCCCCCCC)CC[C@@](C2=CC=NC=C2)(CC)C1=O,6.097
O=C(N1CCCCCCCCC)CC[C@@](C2=CC=NC=C2)(CC)C1=O,5.523
O=C(N1CCCCCCCCCC)CC[C@@](C2=CC=NC=C2)(CC)C1=O,5.0
O=C1C(CC2=CC=NC=C2)=C(N)C3=CC(OC)=CC=C31,5.456
O=C(C1=CC=CC=C1C/2C3=CC=CC=C3)C2=C/C4=CC=NC=C4,6.097
CC1=NC2=C(C=N1)C(N3C=CN=C3)C4=CC=CC=C42,5.55
O=C1C2=CC=CC=C2C3=C1C=C(CN4C=CN=C4)N=N3,4.57
[H]C1(N2C=CN=C2)C3=CC=CC=C3C4=C1C=CC=C4,5.55
C12=CC=CC=C1C3=C(C=CC=C3)C2(N4C=CN=C4)C5=CC=CC=C5,7.13
C12=CC=CC=C1C3=C(C=CC=C3)C2(N4N=CN=C4)C5=CC=CC=C5,5.4
O=C1OC2=CC(OC)=CC=C2C=C1CN3C=CN=C3,5.55
O=C1OC2=CC=CC=C2C(CN3C=CN=C3)=C1,5.68
O=C1OC2=CC(OC)=CC=C2C(CN3C=CN=C3)=C1,6.55
O=C1OC2=CC(OC)=CC=C2C(CN3N=CN=C3)=C1,5.44
O=C1OC2=CC=CC=C2C(OCCN3C=CN=C3)=C1,6.12
O=C1OC2=CC(OC)=CC=C2C(OCCN3C=CN=C3)=C1,4.0
O=C1OC2=CC(OC3=CC=CC=C3)=CC=C2C(CN4C=CN=C4)=C1,7.29
O=C1OC2=CC(OC)=CC(CN3C=CN=C3)=C2C=C1,6.77
O=C1OC2=CC=C(CN3C=CN=C3)C=C2C=C1,6.84
O=C1OC2=CC(CN3C=CN=C3)=CC=C2C=C1,6.17
O=C1OC2=CC(CN3N=CN=C3)=CC=C2C=C1,4.5
O=C1OC2=CC(OCN3C=CN=C3)=CC=C2C=C1,4.5
O=C1OC2=C(CN3C=CN=C3)C(OC)=CC=C2C=C1,4.5
O=C1OC2=CC=CC=C2C(CN3C=CN=C3)=C1C4=CC=CC=C4,5.29
O=C1OC2=CC=CC(C3=CC=CC=C3)=C2C(CN4C=CN=C4)=C1,6.97
O=C1OC2=CC(OCC3=CC=CC=C3)=CC=C2C(CN4C=CN=C4)=C1,6.82
S=C1OC2=CC=C(CN3C=CN=C3)C=C2C=C1,5.95
O=S(OC1=CC=C(C(N2N=CN=C2)C3=CC=C(OS(=O) (N)=O)C=C3)C=C1)(N)=O,5.517
O=S(OC1=CC=CC(C(N2N=CN=C2)C3=CC=CC(OS(=O) (N)=O)=C3)=C1)(N)=O,7.004
BrC1=C(OS(=O)(N)=O)C=CC(C(N2N=CN=C2)C3=CC=C(OS(=O)(N)=O)C(Br)=C3)=C1,7.367
O=S(OC1=CC=C(C(N2N=CN=C2)C3=CC=C(C#N)C=C3)C=C1)(N)=O,7.886
ClC1=C(OS(=O)(N)=O)C=CC(C(N2N=CN=C2)C3=CC=C(C#N)C=C3)=C1,7.921
BrC1=C(OS(=O)(N)=O)C=CC(C(N2N=CN=C2)C3=CC=C(C#N)C=C3)=C1,8.523
OC1=CC=CC(C(N2N=CN=C2)C3=CC=CC(O)=C3)=C1,5.61
OC1=CC=C(C(N2N=CN=C2)C3=CC=C(O)C=C3)C=C1,6.75
OC1=C(Br)C=C(C(N2N=CN=C2)C3=CC=C(O)C(Br)=C3)C=C1,8.0
OC1=C(OC)C=CC(C(N2N=CN=C2)C3=CC=C(OC)C(O)=C3)=C1,6.772
OC1=C(OC)C=C(C(N2N=CN=C2)C3=CC=C(O)C(OC)=C3)C=C1,6.668
OC1=CC=C(C(N2N=CN=C2)C3=CC=C(C#N)C=C3)C=C1,8.143
OC1=C(Cl)C=C(C(N2N=CN=C2)C3=CC=C(C#N)C=C3)C=C1,8.26
OC1=C(Br)C=C(C(N2N=CN=C2)C3=CC=C(C#N)C=C3)C=C1,8.745
OC(C1=CC=C(F)C=C1)(C2=CC(C=CC(OC)=C3)=C3O2)C4=CN=CC=C4,7.357
OC(C1=CC=C(Cl)C=C1)(C2=CC(C=CC(OC)=C3)=C3O2)C4=CN=CC=C4,7.31
OC(C1=CC=C(OC)C=C1)(C2=CC(C=CC(OC)=C3)=C3O2) C4=CN=CC=C4,6.796
COC1=CC(O2)=C(C=C1)C=C2C(C3=CC=C(OC)C=C3)N4C=NC=C4,6.886
FC(C=C1)=CC=C1C(C2=CC(C=CC(OC)=C3)=C3O2)N4C=NC=N4,7.31
ClC(C=C1)=CC=C1C(C2=CC(C=CC(OC)=C3)=C3O2)N4C=NC=N4,7.357
COC1=CC(O2)=C(C=C1)C=C2C(C3=CC=C(OC)C=C3)N4C=NC=N4,6.886
COC1=CC(O2)=C(C=C1)C=C2C(C3=CC=C(C#N)C=C3)N4C=NC=N4,8.0
COC1=CC(O2)=C(C=C1)C=C2C(C3=CC=C([N+]([O-])=O)C=C3)N4C=NC=N4,6.222
CC(C=C1)=CC=C1C(C2=CC(C=CC(OC)=C3)=C3O2)N4C=NC=N4,7.0
COC1=CC(O2)=C(C=C1)C=C2C(C3=CC=C(C(F)(F)F) C=C3)N4C=NC=N4,6.886
COC1=CC(O2)=C(C=C1)C=C2C(C3=CC=C(CC) C=C3)N4C=NC=N4,5.91
OC1=CC(O2)=C(C=C1)C=C2C(C3=CC=C(Cl) C=C3)N4C=NC=N4,5.836
OC1=CC(O2)=C(C=C1)C=C2C(C3=CC=C(C#N)C=C3)N4C=NC=N4,7.699
OC1=CC(O2)=C(C=C1)C=C2C(C3=CC=C([N+]([O-])=O)C=C3)N4C=NC=N4,7.222
CC(C)(C#N)C1=CC(C(C)(C#N)C)=CC(CN2C=NC=N2)=C1,6.222
O=C1C(C(N2CCCC2)C3=CC=C(C=C3)[N+]([O-])=O)=COC4=CC=CC=C41,8.64
O=C1C(C(N2CCCC2)C3=CC=C(C=C3)Br)= COC4=CC=CC=C41,7.31
O=C1C(C(N2CCCC2)C3=CC=C(C=C3)C#N)=COC4=CC=CC=C41,6.96
CC12C(CCC2=O)C3C=CC4=C(C5=CC=CCC5=S)C(CCC4(C)C3CC1)=O,7.602
CC12C(CCC2=O)C3C=CC4=C(C5=CC=CCC5=S) C(C=CC4(C)C3CC1)=O,7.187
CC12C(CCC2=O)C3CCC4=C(C5=CC=CCC5=S) C(C=CC4(C)C3CC1)=O,6.301
CC12C(CCC2=O)C3CCC4=C(C5=CC=CCC5=S) C(CCC4(C)C3CC1)=O,6.745
O=C(C1=CC=CC=C1C/2)C2=C(C3=CC=NC=C3)/[H],4.602
O=C(C1=CC=CC=C1C/2)C2=C([H])/C3=CC=NC=C3,5.26
O=C(C1=CC=CC(OC)=C1C/2)C2=C(C3=CC=NC=C3)/[H],4.638
O=C(C1=CC=CC(OC)=C1C/2)C2=C([H])/C3=CC=NC=C3,5.432
O=C(C1=CC=C(OC)C=C1C/2)C2=C(C3=CC=NC=C3)/[H],5.319
O=C(C1=CC=C(OC)C=C1C/2)C2=C([H])/C3=CC=NC=C3,5.201
O=C(C1=CC=CC(O)=C1C/2)C2=C(C3=CC=NC=C3)/[H],4.658
O=C1C(CC2=CC=NC=C2)CC3=CC=CC=C31,4.77
O=C1C(CC2=CC=NC=C2)CC3=C(OC)C=CC=C31,4.854
O=C1C(CC2=CC=NC=C2)CC3=CC(OC)=CC=C31,5.469
O=C1C(CC2=CC=NC=C2)CC3=C(O)C=CC=C31,5.377
O=C1C(CC2=CC=NC=C2)CC3=CC(O)=CC=C31,5.032
C12=CC=CC=C1CC(CC3=CC=NC=C3)C2,5.62
COC1=C(CC(CC2=CC=NC=C2)C3)C3=CC=C1,5.194
COC1=CC=C2C(CC(CC3=CC=NC=C3)C2)=C1,6.62
OC1=C(CC(CC2=CC=NC=C2)C3)C3=CC=C1,6.0
OC1=CC=C2C(CC(CC3=CC=NC=C3)C2)=C1,5.721
C12=CC=CC=C1CC(CC3=CC=NC=C3)CC2,5.921
COC1=C(CCC(CC2=CC=NC=C2)C3)C3=CC=C1,6.229
COC1=CC=C2C(CCC(CC3=CC=NC=C3)C2)=C1,6.638
COC1=CC=C(CCC(CC2=CC=NC=C2)C3)C3=C1,5.367
OC1=C(CCC(CC2=CC=NC=C2)C3)C3=CC=C1,6.276
OC1=CC=C2C(CCC(CC3=CC=NC=C3)C2)=C1,6.125
OC1=CC=C(CCC(CC2=CC=NC=C2)C3)C3=C1,5.886
[H][C@@]1(C2=CC=C(C#N)C=C2)CCCC3=CN=CN13,8.49
[H][C@]1(C2=CC=C(C#N)C=C2)CCCC3=CN=CN13,6.17
C=C(N1C=NC=C1)C2=CC=C(C#N)C=C2,9.15
N#CC(C=C1)=CC2=C1C(N3C=NC=C3)=CCC2,8.54
N#CC(C=C1)=CC=C1C2(C3=CC=C(C#N)C=C3)CCCC4=CN=CN24,6.63
[H]C(C1=CC=C(C#N)C=C1)(N2C=NC=C2)C3=CC=C(C#N)C=C3,8.46
BrC(C=C1)=CC=C1/N=C(N2C=NC=C2)\C3=CC=C(C#N)C=C3,8.11
N#CC(C=C1)=C2C(C=CC=C2)=C1CN3C=NC=C3,8.7
CC1=C(C)OC2=C(C#N)C=CC(CN3C=NC=C3)=C21,8.46
N#CC1=CC=CC=C1CN2C=NC=C2,6.52
BrC(C=C1)=CC=C1CN2C=NC=C2,7.07
O=C(C(C=C1)=CC=C1CN2C=NC=C2)C3=CC=CC=C3,8.0
O=[N+](C(C=C1)=CC=C1CN2C=NC=C2)[O-],8.26
N#CC(C=C1)=CC=C1CN2C=NC=C2,8.0
CC(C1=CC=C(C#N)C=C1)(C)N2C=NC=C2,7.68
N#CC(C=C1)=CC=C1C2(CCCC2)N3C=NC=C3,8.12
N#CC(C=C1)=CC=C1C(C2=CC=C(C#N)C=C2)N3C=NC=N3,7.96
N#CC(C=C1)=CC=C1C(C2=CC=C(C#N)C=C2)N3N=NC=C3,7.92
N#CC(C=C1)=CC=C1C(C2=CC=C(C#N)C=C2)N3N=NC=N3,9.0
N#CC(C=C1)=CC=C1C(C2=CN=CN=C2)C3=CC=C(C#N)C=C3,7.15
N#CC(C=C1)=CC=C1C(C2=CN=CC=C2)C3=CC=C(C#N)C=C3,7.91
N#CC(C=C1)=CC=C1/C(N2C=NC=N2)=C3CCCCC/3,7.67
N#CC(C=C1)=CC=C1C(N2C=NC=N2)(CC)C3=CC=C(C#N)C=C3,7.74
FC(C1=CC=C(C#N)C=C1)(N2C=NC=N2)C3=CC=C(C#N)C=C3,7.89
FC(C1=CC=C(C#N)C=C1)(N2N=NC=C2)C3=CC=C(C#N)C=C3,7.68
FC(C1=CC=C(C#N)C=C1)(N2N=NC=N2)C3=CC=C(C#N)C=C3,7.52
FC(C1=CC=C(C#N)C=C1)(N2C=NC=C2)C3=CC=C(C#N)C=C3,8.24
O=C1C2=C(C=CC=C2)CC/C1=C\C3=CC=NC=C3,5.03
O=C1C2=C(C(OC)=CC=C2)CC/C1=C\C3=CC=NC=C3,5.2
O=C1C2=C(C=C(OC)C=C2)CC/C1=C\C3=CC=NC=C3,5.05
O=C1C2=C(C(O)=CC=C2)CC/C1=C\C3=CC=NC=C3,6.16
O=C1C2=C(C=C(O)C=C2)CC/C1=C\C3=CC=NC=C3,5.06
O=C1C2=C(C=CC=C2)CC/C1=C/C3=CC=NC=C3,4.92
O=C1C2=C(C(CCCC3)=C3C=C2)CC/C1=C\C4=CC=NC=C4,5.0
O=C1C2=C(C=CC(OC)=C2)CC/C1=C\C3=CC=NC=C3,5.02
O=C1C2=C(C=CC(O)=C2)CC/C1=C\C3=CC=NC=C3,6.68
O=C1C2=C(C=CC=C2)C/C1=C([H])\C3=CC=NC=C3,4.6
O=C1C2=C(C=CC=C2)C/C1=C(C3=CC=NC=C3)\[H],5.26
O=C1C2=C(C(OC)=CC=C2)C/C1=C(C3=CC=NC=C3)/[H],4.64
O=C1C2=C(C(OC)=CC=C2)C/C1=C(C3=CC=NC=C3)\[H],5.43
O=C1C2=C(C=C(OC)C=C2)C/C1=C(C3=CC=NC=C3)/[H],5.32
O=C1C2=C(C=C(OC)C=C2)C/C1=C([H])/C3=CC=NC=C3,5.2
O=C1C2=C(C=C(O)C=C2)C/C1=C(C3=CC=NC=C3)/[H],4.66
ClC1=CC=C(C(N2C=NC=C2)C3=CC=C(N=CN4)C4=C3)C=C1,7.35
ClC1=CC=C(C(N2C=NC=N2)([H])C3=CC=C(N=NN4C)C4=C3)C=C1,8.85
[H]C(C1=CC=C(Cl)C=C1)(N2C=NC=N2)C3=CC(N=NN4C)=C4C=C3,8.4
CC(C)(C1=CC=C(CN(N2C=NC=C2)CC3=CC=CC4=C3C=CC=C4)C=C1)C,5.338
ClC1=CC=C(CN(N2C=NC=C2)CC3=CC=CC4=C3C=CC=C4)C(Cl)=C1,5.398
CC(C)(C)C(C=C1)=CC=C1CN(CC2=CC=C(C3=CC=CC=C3)C=C2)N4C=NC=C4,5.666
N1(N(CC2=CC=CC=C2)CC3=CC=C(C4=CC=CC=C4)C=C3)C=NC=C1,5.921
CC1=CC=CC=C1CN(CC2=CC=C(C3=CC=CC=C3)C=C2)N4C=NC=C4,5.529
ClC1=CC=CC=C1CN(CC2=CC=C(C3=CC=CC=C3)C=C2)N4C=NC=C4,6.523
FC1=CC=CC=C1CN(CC2=CC=C(C3=CC=CC=C3)C=C2)N4C=NC=C4,6.337
CC(C=C1)=CC=C1CN(CC2=CC=C(C3=CC=CC=C3)C=C2)N4C=NC=C4,5.658
ClC(C=C1)=CC=C1CN(CC2=CC=C(C3=CC=CC=C3)C=C2)N4C=NC=C4,5.928
FC(C=C1)=CC=C1CN(CC2=CC=C(C3=CC=CC=C3)C=C2)N4C=NC=C4,6.721
COC1=CC=CC=C1CN(CC2=CC=C(C3=CC=CC=C3)C=C2)N4C=NC=C4,5.821
COC(C=C1)=CC=C1CN(CC2=CC=C(C3=CC=CC=C3)C=C2)N4C=NC=C4,5.815
ClC(C=C1Cl)=CC=C1CN(CC2=CC=C(C3=CC=CC=C3)C=C2)N4C=NC=C4,5.438
FC(C=C1F)=CC=C1CN(CC2=CC=C(C3=CC=CC=C3)C=C2)N4C=NC=C4,6.456
ClC(C=C1Cl)=CC=C1CN(CC2=CC=C(C(C)(C)C)C=C2)N3C=NC=C3,5.818
CC(C)(C)C(C=C1)=CC=C1CN(CC2=CC=CS2)N3C=NC=C3,6.237
CC(C)(C)C(C=C1)=CC=C1CC(CC2=CC=C(C3=CC=CC=C3)C=C2)N4C=NC=C4,6.0
N1(C(CC2=CC=CC=C2)CC3=CC=C(C4=CC=CC=C4)C=C3) C=NC=C1,6.022
CC1=CC=CC=C1CC(CC2=CC=C(C3=CC=CC=C3)C=C2) N4C=NC=C4,5.983
ClC1=CC=CC=C1CC(CC2=CC=C(C3=CC=CC=C3) C=C2)N4C=NC=C4,5.963
FC1=CC=CC=C1CC(CC2=CC=C(C3=CC=CC=C3)C=C2)N4C=NC=C4,5.863
CC(C=C1)=CC=C1CC(CC2=CC=C(C3=CC=CC=C3)C=C2)N4C=NC=C4,5.879
FC(C=C1)=CC=C1CC(CC2=CC=C(C3=CC=CC=C3) C=C2)N4C=NC=C4,6.959
COC1=CC=CC=C1CC(CC2=CC=C(C3=CC=CC=C3) C=C2)N4C=NC=C4,6.292
COC(C=C1)=CC=C1CC(CC2=CC=C(C3=CC=CC=C3) C=C2)N4C=NC=C4,5.775
ClC(C=C1Cl)=CC=C1CC(CC2=CC=C(C3=CC=CC=C3)C=C2)N4C=NC=C4,5.907
FC(C=C1F)=CC=C1CC(CC2=CC=C(C3=CC=CC=C3)C=C2)N4C=NC=C4,6.585
N1(N(C/C=C/C2=CC=CC=C2)CC3=CC=CC4=C3 C=CC=C4)C=NC=N1,4.885
ClC1=CC(Cl)=CC=C1CN(C/C=C/C2=CC=CC=C2) N3C=NC=N3,4.766
CC(C)(C)C(C=C1)=CC=C1CN(C/C=C/C2=CC=CC=C2) N3C=NC=N3,5.296
CC(C)(C)C(C=C1)=CC=C1CN(CC2=CC=CS2)N3C=NC=N3,5.035
NC(C1=CC(OC)=CC=C12)=C(CC3=CC=NC=C3)C2=O,5.456
NC(C1=CC(OC)=C(OC)C=C12)=C(CC3=CC=NC=C3)C2=O,5.229
NC(C1=CC(OC)=C(OC)C(OC)=C12)=C(CC3=CC=NC=C3)C2=O,5.284
[H]/C1=C(\[H])C([H])=C3/C(=C1/[H])C(=C([H])C2=C([H])N=C([H])C([H])=C2[H])C([H])([H])C3([H])[H],5.69
[H]/C1=C(\[H])C([H])=C3/C(=C1/[H])C(=C([H])C2=C([H])C([H])=C([H])N=C2[H])C([H])([H])C3([H])[H],5.45
[H]/C1=C(\[H])C([H])=C3/C(=C1/[H])C(=C([H])C2=C([H])N=C([H])C([H])=C2[H])C([H])([H])C([H])([H])C3([H])[H],5.182
[H]/C1=C(\[H])C([H])=C3/C(=C1/[H])C(=C([H])C2=C([H])C([H])=C([H])N=C2[H])C([H])([H])C([H])([H])C3([H])[H],5.421
[F]/C1=C(\[H])C([H])=C2/C(=C1/[H])C([H])([H])C([H])([H])C2=C([H]) C3=C([H])N=C([H])C([H])=C3[H],5.595
[F]/C1=C(\[H])C([H])=C2/C(=C1/[H])C([H])([H])C([H])([H])C2=C([H]) C3=C([H])C([H])=C([H])N=C3[H],5.604
[Cl]/C1=C(\[H])C([H])=C2/C(=C1/[H])C([H])([H])C([H])([H])C2=C([H])C3=C([H])N=C([H])C([H])=C3[H],5.371
[Cl]/C1=C(\[H])C([H])=C2/C(=C1/[H])C([H])([H])C([H])([H])C2=C([H])C3=C([H])C([H])=C([H])N=C3[H],5.393
[Br]/C1=C(\[H])C([H])=C2/C(=C1/[H])C([H])([H])C([H])([H])C2=C([H]) C3=C([H])N=C([H])C([H])=C3[H],5.106
[Br]/C1=C(\[H])C([H])=C2/C(=C1/[H])C([H])([H])C([H])([H])C2=C([H]) C3=C([H])C([H])=C([H])N=C3[H],5.133
[H]/C1=C(\OC([H])([H])[H])C([H])=C3/C(=C1/[H])C(=C([H])C2=C([H])N=C([H])C([H])=C2[H])C([H])([H])C3([H])[H],5.366
[H]/C1=C(\OC([H])([H])[H])C([H])=C3/C(=C1/[H])C(=C([H])C2=C([H])C([H])=C([H])N=C2[H])C([H])([H])C3([H])[H],5.254
[H]/C1=C(\OC([H])([H])[H])C([H])=C3/C(=C1/[H])C(=C([H])C2=C([H])N=C([H])C([H])=C2[H])C([H])([H])C([H])([H])C3([H])[H],5.947
[H]/C1=C(\OC([H])([H])[H])C([H])=C3/C(=C1/[H])C(=C([H])C2=C([H])C([H])=C([H])N=C2[H])C([H])([H])C([H])([H])C3([H])[H],5.398
[H]C=1C(OC([H])([H])[H])=C(OC([H])([H])[H])C([H])=C2C=1C([H])([H])C([H])([H])C([H])([H])C2=C([H])C3=C([H])N=C([H])C([H])=C3[H],6.009
[H]/C1=C(\OC([H])([H])C([H])([H])[H])C([H])=C3/C(=C1/[H])C(=C([H])C2=C([H])N=C([H])C([H])=C2[H])C([H])([H])C3([H])[H],5.15
[H]/C1=C(\OC([H])([H])C([H])([H])[H])C([H])=C3/C(=C1/[H])C(=C([H])C2=C([H])C([H])=C([H])N=C2[H])C([H])([H])C3([H])[H],5.115
[H]/C1=C(/C([H])=C2/C(=C1/[H])C([H])([H])C([H])([H])C2=C([H])C3=C([H])N=C([H])C([H])=C3[H])C([H])([H])[H],5.406
[H]/C1=C(/C([H])=C2/C(=C1/[H])C([H])([H])C([H])([H])C2=C([H])C3=C([H])C([H])=C([H])N=C3[H])C([H])([H])[H],5.337
[H]/C1=C(\[H])C(=C3/C(=C1/[H])C(=C([H])C2=C([H])N=C([H])C([H])=C2[H])C([H])([H])C3([H])[H])C([H])([H])[H],5.326
[H]/C1=C(\[H])C(=C3/C(=C1/[H])C(=C([H])C2=C([H])C([H])=C([H])N=C2[H])C([H])([H])C3([H])[H])C([H])([H])[H],4.899
[F]C=1C([H])=C([H])C([H])=C2C=1C([H])([H])C([H])([H])C2=C([H])C3=C([H])N=C([H])C([H])=C3[H],5.742
[F]C=1C([H])=C([H])C([H])=C2C=1C([H])([H])C([H])([H])C2=C([H])C3=C([H])C([H])=C([H])N=C3[H],6.745
[Cl]C=1C([H])=C([H])C([H])=C2C=1C([H])([H])C([H])([H])C2=C([H])C3= C([H])N=C([H])C([H])=C3[H],6.886
[Cl]C=1C([H])=C([H])C([H])=C2C=1C([H])([H])C([H])([H])C2=C([H])C3=C([H])C([H])=C([H])N=C3[H],6.638
[H]/C1=C(\[H])C([H])=C3/C(=C1/[H])C(=C([H])C2=C([H])C([H])=NC([H])=C2[H])C([H])([H])C3([H])[H],5.174
[H]/C1=C(\[H])C([H])=C3/C(=C1/[H])C(=C([H])C2=C([H])C([H])=NC([H])=C2[H])C([H])([H])C([H])([H])C3([H])[H],6.187
[F]/C1=C(\[H])C([H])=C2/C(=C1/[H])C([H])([H])C([H])([H])C2=C([H])C3=C([H])C([H])=NC([H])=C3[H],6.097
[Cl]/C1=C(\[H])C([H])=C2/C(=C1/[H])C([H])([H])C([H])([H])C2=C ([H])C3=C([H])C([H])=NC([H])=C3[H],5.701
[Br]/C1=C(\[H])C([H])=C2/C(=C1/[H])C([H])([H])C([H])([H])C2=C([H])C3=C([H])C([H])=NC([H])=C3[H],5.469
[H]/C1=C(\OC([H])([H])[H])C([H])=C3/C(=C1/[H])C(=C([H])C2=C([H])C([H])=NC([H])=C2[H])C([H])([H])C3([H])[H],5.429
[H]/C1=C(\OC([H])([H])[H])C([H])=C3/C(=C1/[H])C(=C([H])C2=C([H])C([H])=NC([H])=C2[H])C([H])([H])C([H])([H])C3([H])[H],6.097
[H]/C1=C(\OC([H])([H])[H])C([H])=C2/C(=C1/[H])C([H])([H])C([H])([H])C2=C([H])C3=C([H])C([H])=NC([H])=C3[H],6.553
[H]C=1C(OC([H])([H])[H])=C(OC([H])([H])[H])C([H])=C2C=1C([H])([H])C([H])([H])C([H])([H])C2=C([H])C3=C([H])C([H])=NC([H])=C3[H],7.046
[H]/C1=C(/C([H])=C2/C(=C1/[H])C([H])([H])C([H])([H])C2=C([H])C3=C([H])C([H])=NC([H])=C3[H])C([H])([H])[H],5.893
[H]/C1=C(\OC([H])([H])[H])C([H])=C3/C(=C1/[H])C(=C([H])C=2[S]C([H])=NC=2[H])C([H])([H])C3([H])[H],5.364
[F]C=1C([H])=C([H])C2=C(C=1[H])C([H])([H])C([H])([H])C2=C([H])C3=C([H])N=C([H])N=C3[H],5.128
[F]C=1C([H])=C([H])C2=C(C=1[H])C([H])([H])C([H])([H])C2=C([H])C3=C4/C(=C(/[H])C([H])=C3[H])C([H])=NC([H])=C4[H],6.143
[H]/C1=C(\[H])C([H])=C2/C(=C1/[H])C(C3=C2C([H])=C([H])C([H])=C3[H])=C([H])C4=C([H])C([H])=C([H])N=C4[H],5.318
[H]/C1=C(\[H])C([H])=C2/C(=C1/[H])C(C3=C2C([H])=C([H])C([H])=C3[H])=C([H])C4=C([H])C([H])=NC([H])=C4[H],5.562
C[C@H](C1=CC=CC=C1/2)CC2=C/C3=CN=CC=C3,5.553
C12=CC=CC=C1/C(C[C@@H]2C3=CC=CC=C3)=C/C4=CC=CN=C4,5.391
CC12C(C3CC(C4=CC(CCC4(C3CC2)C)=O)CCCCC)CCC1=O,6.638
CC12C(C3CC(C4=CC(CCC4(C3CC2)C)=O)CCCCCC)CCC1=O,6.367
CC12C(C3CC(C4=CC(CCC4(C3CC2)C)=O)CCCCCCCC)CCC1=O,5.745
N#CC(C=CC(CN1C=NC=N1)=C2)=C2C3=CC=C(OS(=O)(N)=O)C=C3,8.699
N#CC(C=CC(CN1C=NC=N1)=C2)=C2C3=CC=C(OS(=O)(N(C)C)=O)C=C3,9.301
ClC1=C(OS(=O)(N)=O)C=CC(C2=C(C#N)C=CC(CN3C=NC=N3)=C2)=C1,9.301
ClC1=C(OS(=O)(N(C)C)=O)C=CC(C2=C(C#N)C=CC (CN3C=NC=N3)=C2)=C1,8.62
ClC1=C(OS(=O)(N)=O)C=C(C2=C(C#N)C=CC (CN3C=NC=N3)=C2)C=C1,9.456
O=S(OC1=CC=C(C2=CC=C(C#N)C(CN3C=NC=N3)=C2) C=C1)(N)=O,6.754
ClC1=C(OS(=O)(N)=O)C=CC(C2=CC=C(C#N)C(CN3C=NC=N3)=C2)=C1,6.836
O=S(OC1=CC=C(C2=CC(C#N)=CC(CN3C=NC=N3)=C2)C=C1)(N)=O,6.553
ClC1=C(OS(=O)(N)=O)C=CC(C2=CC(C#N)=CC (CN3C=NC=N3)=C2)=C1,7.097
O=S(OC1=CC=C(C2=CC=CC(CN3C=NC=N3)=C2)C=C1)(N)=O,6.561
ClC1=C(OS(=O)(N)=O)C=CC(C2=CC=CC(CN3C=NC=N3)=C2)=C1,7.155
O=S(OC1=CC=C(C2=C(C#N)C=C(CN3C=NC=N3)C=C2)C=C1)(N)=O,6.547
ClC1=C(OS(=O)(N)=O)C=CC(C2=C(C#N)C=C(CN3C=NC=N3)C=C2)=C1,6.243
ClC1=C(OS(=O)(N)=O)C=CC(C2=CC(C#N)=CC=C2CN3C=NC=N3)=C1,8.721
CC(C)(C#N)C1=CC(CN2C=NC=N2)=CC(C3=CC=C(OS(=O) (N)=O)C=C3)=C1,7.903
ClC1=C(OS(=O)(N)=O)C=CC(C2=CC(C(C)(C)C#N)=CC (CN3C=NC=N3)=C2)=C1,9.523
O=C(C1=C(CN2C=NC=C2)C=CC=C1)C3=CC=CC=C3,6.252
O=C(C1=CC(CN2C=NC=C2)=CC=C1)C3=CC=CC=C3,8.137
O=C(C1=C(CN2C=NC=C2)C=CC=C1)C3=CC=C(C4=CC=CC=C4)C=C3,6.585
O=C(C1=CC(CN2C=NC=C2)=CC=C1)C3=CC=C(C4=CC=CC=C4)C=C3,8.276
O=C(C1=CC(CN2C=NC=C2)=CC=C1[N+]([O-])=O)C3=CC=CC=C3,7.509
O=C(C1=CC([N+]([O-])=O)=CC=C1CN2C=NC=C2)C3=CC=CC=C3,7.587
O=C(C1=CC([N+]([O-])=O)=CC=C1CN2C=NC=C2)C3=CC=C(C4=CC=CC=C4)C=C3,7.752
O=C(C1=CC(Br)=CC=C1CN2C=NC=C2)C3=CC=CC=C3,6.398
N1(CC=NC1)CC2=CC=CC=C2,3.398
N1(C=CN=C1)CCC2=CC=CC=C2,3.523
N1(C=CN=C1)CCCC2=CC=CC=C2,4.456
C1(C(CC2N=CN=C2)CC3=CC=CC=C3)=CC=CC=C1,4.347
N1(C=CN=C1)CCCCCC2=CC=CC=C2,4.301
C1(C(C2N=CN=C2)C3=CC=CC=C3)=CC=CC=C1,4.602
C1(C(CC2N=CN=C2)C3=CC=CC=C3)=CC=CC=C1,4.31
C1(C(C2N=CN=C2)CCCCC3=CC=CC=C3)=CC=CC=C1,4.593
C1(C(CCC2N=CN=C2)C3=CC=CC=C3)=CC=CC=C1,4.824
C1(C(CCCCC2N=CN=C2)C3=CC=CC=C3)=CC=CC=C1,5.77
C1(C(CCCCCC2N=CN=C2)C3=CC=CC=C3)=CC=CC=C1,4.839
C1(C(C2N=CN=C2)CCC3=CC=CC=C3)=CC=CC=C1,5.347
C1(C(C2=CC=CC=C2)CCN3C=CN=C3)=CC=CC=C1,4.699
C1(C(CCC2=CC=CC=C2)CN3C=CN=C3)=CC=CC=C1,5.26
C1(C(CC2=CC=CC=C2)CCN3C=CN=C3)=CC=CC=C1,5.125
C1(C(C2=CC=CC=C2)CCCN3C=CN=C3)=CC=CC=C1,4.796
C1(C(CC2=CC=CC=C2)CCCN3C=CN=C3)=CC=CC=C1,5.328
CC(C=C1)=CC=C1C(CC2N=CNC2)C3=CC=CC=C3,5.149
N#CC(C=C1)=CC=C1C(CC2N=CNC2)C3=CC=CC=C3,6.319
FC(C=C1)=CC=C1C(CC2N=CNC2)C3=CC=CC=C3,4.996
CC1=CC=CC=C1C(CC2N=CNC2)C3=CC=CC=C3C,4.481
CC1=CC(C(CC2N=CNC2)C3=CC=CC(C)=C3)=CC=C1,4.699
CC(C=C1)=CC=C1C(CC2N=CNC2)C3=CC=C(C)C=C3,4.854
CCC(C=C1)=CC=C1C(CCC2N=CNC2)C3=CC=CC=C3,5.071
CC1=CC=CC=C1C(CC2N=CNC2)C3=CC=CC(C)=C3,5.066
CC1=CC=CC=C1C(CC2N=CNC2)C3=CC=C(C)C=C3,5.495
COC(CC1N=CNC1)OC,5.066
FC(C(C=C1)=CC=C1C(CCC2N=CNC2)C3=CC=C(C(F)(F)F)C=C3)(F)F,3.921
FC1=CC(C(CC2N=CNC2)C3=CC=CC(F)=C3)=CC=C1,4.721
FC(C=C1)=CC=C1C(CC2N=CNC2)C3=CC=C(F)C=C3,5.301
FC(C=C1)=CC=C1C(CC2N=CNC2)C3=CC=C(C(F)(F)F)C=C3,5.284
CC1=CC(CCCCC(C2N=CNC2)C3=CC=C(F)C=C3)=CC=C1,5.42
FC(C(C=C1)=CC=C1C(CC2N=CNC2)C3=CC=C(C(F)(F)F)C=C3)(F)F,4.495
FC(C=C1)=CC=C1C(CC2N=CNC2)C3=CC=C(C#N)C=C3,6.301
FC(C=C1)=CC=C1C(C2N=CNC2)CCCCC3=CC=C(C)C=C3,5.071
N#CC(C=C1)=CC=C1C(CC2N=CNC2)C3=CC=C(OC)C=C3,6.071
N#CC(C=C1)=CC=C1C(CC2N=CNC2)C3=CC=C(C#N)C=C3,6.066
CC1=CC=CC=C1C(CCC2N=CNC2)C3=CC=CC=C3,5.469
FC(C=C1)=CC=C1C(CCN2C=CN=C2)C3=CC=CC=C3,5.301
CC1=CC(C(CCC2N=CNC2)C3=CC=CC=C3)=CC=C1,5.602
FC1=CC=CC=C1C(CCC2N=CNC2)C3=CC=CC=C3,4.796
FC(C=C1)=CC=C1C(CCC2N=CNC2)C3=CC=CC=C3,5.553
CC1=CC(C(C2=CC=CC(C)=C2)CCC3N=CNC3)=CC=C1,4.553
CC(C=C1)=CC=C1C(C2=CC=C(C)C=C2)CCC3N=CNC3,5.456
NC(C=C1)=CC=C1C(C2=CC=C(N)C=C2)CCC3N=CNC3,4.585
O=[N+](C(C=C1)=CC=C1C(C2=CC=C([N+]([O-])=O)C=C2) CCC3N=CNC3)[O-],4.699
FC(C=C1)=CC=C1C(C2=CC=C(F)C=C2)CCC3N=CNC3,5.481
N#CC(C=C1)=CC=C1C(C2=CC=C(C#N)C=C2)CCC3N=CNC3,5.796
FC(C=C1)=CC=C1C(N2N=CN=C2)CCC3=CC=C(F)C=C3,5.398
FC(C=C1)=CC=C1C(C2N=CNC2)CCCCC3=CC=CC=C3C,5.456
FC(C=C1)=CC=C1C(C2N=CNC2)CCCC3=CC=CC=C3,6.097
N#CC(C=C1)=CC=C1C(C2N=CNC2)CCCC3=CC=CC=C3,6.678
FC(C=C1)=CC=C1C(C2N=CNC2)CCCC3=CC=C(F)C=C3,6.201
N#CC(C=C1)=CC=C1C(C2N=CN=C2)CCC3=CC=C(C#N)C=C3,5.959
FC(C=C1)=CC=C1CCCC(C2N=CNC2)C3=CC=C(C#N)C=C3,6.638
FC(C=C1)=CC=C1C(C2N=CNC2)CCC3=CC=CC=C3,6.155
FC(C=C1)=CC=C1C(C2N=CNC2)CCC3=CC=C(F)C=C3,5.658
FC(C=C1)=CC=C1C(CC2N=CNC2)CC3=CC=CC=C3,5.357
FC(C=C1)=CC=C1C(CC2N=CNC2)CCC3=CC=CC=C3,5.658
FC(C=C1)=CC=C1C(CC2N=CNC2)CCC3=CC=C(F)C=C3,5.886
FC(C=C1)=CC=C1CCC(CC2N=CNC2)C3=CC=C(C#N)C=C3,6.301
FC(C=C1)=CC=C1C(CCN2C=CN=C2)C3=CC=C(F)C=C3,5.658
FC(C=C1)=CC=C1CCC(N2N=CN=C2)C3=CC=C(C#N)C=C3,6.721
FC(C=C1)=CC=C1CCCC(N2C=CN=C2)C3=CC=C(C#N)C=C3,7.398
FC(C=C1)=CC=C1CCCC(N2N=CN=C2)C3=CC=C(C#N)C=C3,6.921
FC(C=C1)=CC=C1CCC(N2C=CN=C2)C3=CC=C(C#N)C=C3,6.469
FC(C=C1)=CC=C1CC(C2N=CN=C2)C3=CC=C(C#N)C=C3,6.481
FC(C=C1)=CC=C1CCC(C2N=CN=C2)C3=CC=C(C#N)C=C3,6.678
OC(C1=CC=C(F)C=C1)C(N2N=CN=C2)C3=CC=C(C#N)C=C3,4.377
FC(C=C1)=CC=C1CC(N2N=CN=C2)C3=CC=C(C#N)C=C3,7.301
FC(C=C1)=CC=C1CCC(N2N=CN=C2)C3=CC=C(C#N)C=C3,7.222
OC(C1=CC=C(F)C=C1)C(N2N=CN=C2)C3=CC=C(C#N)C=C3,4.77
OC(CC1=CC=C(F)C=C1)C(N2N=CN=C2)C3=CC=C(C#N)C=C3,6.301
OC(CCC1=CC=C(F)C=C1)C(N2N=CN=C2)C3=CC=C(C#N)C=C3,5.409
OC(CCC1=CC=C(F)C=C1)C(C2N=CN=C2)C3=CC=C(C#N)C=C3,6.301
OC(C1=CC=C(F)C=C1)CC(C2N=CN=C2)C3=CC=C(C#N)C=C3,6.155
N#CC(C=C1)=CC=C1C(C2=CC=C(C#N)C=C2)N3C=CNC3,6.0
O=C1N(C)C2=C3C(OCO3)=CC=C2C(OC)=C1,5.407
C[C@](C1OC(C[C@H]1O)=O)(OC2=CC(C)=C(C(O)=C23)C4=C(C5=C(C=C4)O[C@](C6OC(C[C@@H]6C)=O)(C)CC5=O)O)CC3=O,4.783
C[C@](C1OC(C[C@H]1O)=O)(OC2=C(C(C)=CC(O)=C23)C4=C (C5=C(C=C4)O[C@](C6OC(C[C@@H]6C)=O)(C)CC5=O)O)CC3=O,4.613
CC(O[C@H]1[C@@H](CCCCC)OC(C2=CC=C(OC)C=C21)=O)=O,5.796
OC(C=C1C)=CC2=C1OC(C=C(O)C=C3C)=C3C(O2)=O,5.276
O=C(CCCCCCC/C=C\C/C=C\C/C=C\CC)OC[C@H](O)[C@@H](O)[C@H](O)[C@H](O)CO,5.108
OC1=CC(O)=C(C([C@@H](C2=C3C(C([C@H](O)[C@@H](C4=CC=C(O)C=C4)O3)=O)=C(O)C=C2O)[C@H](C5=CC=C(O)C=C5)O6)=O)C6=C1,4.947
OC1=C(C(/C=C/C2=CC=C(O)C=C2)=O)C=CC(O)=C1,5.42
O=C1C2=C([H])C=C(O)C=C2O[C@H](C3=CC=C(O)C=C3)C1,6.469
O=C1C2=C(O)C=C(O)C=C2O[C@H](C3=CC=C([H])C=C3)C1,4.728
O=C1C2=C(O)C([H])=C(O)C([H])=C2OC(C3=CC([H])=C(OC)C([H])=C3)C1[H],4.967
OC(C(O)=C1)=C(O)C=C1C2C(O)C(C3=C(O)C([H])=C(O)C([H])=C3O2)=O,5.0
OC(C(O)=C1)=C([H])C=C1C2C(O)C(C3=C(O)C([H])= C(O)C(O)=C3O2)=O,4.959
OC1=CC(O)=C(C(C(C2=CC=C(OC)C=C2)=CO3)=O)C3=C1,4.903
CC1=CCC2=C1C([C@H](OC(C)=O)[C@H](C)C[C@@H] (OC)/C=C(C)\C2)=O,6.678
CC(C)C(C=C1)=CC2=C1[C@]3(C)C(CC2)[C@](C)(C(O)=O)CCC3,6.495
OC(C(C/C=C(C)/C)=C1O)=CC2=C1C(C3=C(CCC(C)C)C(O)=C(O)C=C3O2)=O,5.161
OC(C(C/C=C(C)/C)=C1O)=CC2=C1C(C3=C(CCC(C)(O)C)C (OC)=C(O)C=C3O2)=O,5.284
OC(C(C/C=C(C)/C)=C1O)=CC2=C1C(C3=C(CCC(C)C)C(OC)=C(O)C=C3O2)=O,4.684
O=C(C1=CC=CC(OC)=C1CC/2)C2=C\C3=CC=NC=C3,5.201
O=C(C1=CC=C(OC)C=C1CC/2)C2=C\C3=CC=NC=C3,5.051
O=C(C1=CC(OC)=CC=C1CC/2)C2=C\C3=CC=NC=C3,4.886
O=C(C1=CC=CC(O)=C1CC/2)C2=C\C3=CC=NC=C3,6.161
O=C(C1=CC=C(O)C=C1CC/2)C2=C\C3=CC=NC=C3,5.066
O=C(C1=CC(O)=CC=C1CC/2)C2=C\C3=CC=NC=C3,5.523
O=C1C(CC2=CC=NC=C2)CCC3=CC=CC=C31,5.367
O=C1C(CC2=CC=NC=C2)CCC3=C(OC)C=CC=C31,5.658
O=C1C(CC2=CC=NC=C2)CCC3=CC(OC)=CC=C31,5.481
O=C1C(CC2=CC=NC=C2)CCC3=CC=C(OC)C=C31,5.102
O=C1C(CC2=CC=NC=C2)CCC3=C(O)C=CC=C31,6.699
O=C1C(CC2=CC=NC=C2)CCC3=CC(O)=CC=C31,5.208
O=C1C(CC2=CC=NC=C2)CCC3=CC=C(O)C=C31,5.31
